{"name":"Verify","identifier":"XPZUB8YKR5","description":null,"parentIntentSignature":null,"sampleUtterances":null,"intentConfirmationSetting":null,"intentClosingSetting":null,"initialResponseSetting":{"conditional":null,"codeHook":{"isActive":true,"enableCodeHookInvocation":true,"invocationLabel":null,"postCodeHookSpecification":{"failureResponse":null,"failureNextStep":{"sessionAttributes":null,"intent":{"name":null,"slots":null},"dialogAction":{"type":"EndConversation","slotToElicit":null,"suppressNextMessage":null,"intentsInScope":null}},"failureConditional":null,"successResponse":null,"successNextStep":{"sessionAttributes":null,"intent":{"name":null,"slots":null},"dialogAction":{"type":"ElicitSlot","slotToElicit":"CardNumber","suppressNextMessage":null,"intentsInScope":null}},"successConditional":null,"timeoutResponse":null,"timeoutNextStep":{"sessionAttributes":null,"intent":{"name":null,"slots":null},"dialogAction":{"type":"EndConversation","slotToElicit":null,"suppressNextMessage":null,"intentsInScope":null}},"timeoutConditional":null}},"nextStep":{"sessionAttributes":null,"intent":{"name":null,"slots":null},"dialogAction":{"type":"InvokeDialogCodeHook","slotToElicit":null,"suppressNextMessage":null,"intentsInScope":null}},"initialResponse":null},"inputContexts":null,"outputContexts":null,"kendraConfiguration":null,"qnAIntentConfiguration":null,"bedrockAgentIntentConfiguration":null,"qInConnectIntentConfiguration":null,"dialogCodeHook":{"enabled":false},"fulfillmentCodeHook":{"isActive":false,"postFulfillmentStatusSpecification":{"failureResponse":null,"failureNextStep":{"sessionAttributes":null,"intent":{"name":null,"slots":null},"dialogAction":{"type":"EndConversation","slotToElicit":null,"suppressNextMessage":null,"intentsInScope":null}},"successResponse":{"messageGroupsList":[{"message":{"ssmlMessage":null,"customPayload":null,"plainTextMessage":{"value":"Account Verified."},"imageResponseCard":null},"variations":null}],"allowInterrupt":true},"successNextStep":{"sessionAttributes":{"verified":"TRUE"},"intent":{"name":null,"slots":null},"dialogAction":{"type":"EvaluateConditional","slotToElicit":null,"suppressNextMessage":null,"intentsInScope":null}},"successConditional":{"isActive":true,"conditionalBranches":[{"name":"Branch1","condition":{"expressionString":"[CustomerIntention] = \"MakePayment\""},"response":null,"nextStep":{"sessionAttributes":null,"intent":{"name":"MakePayment","slots":null},"dialogAction":{"type":"StartIntent","slotToElicit":null,"suppressNextMessage":null,"intentsInScope":null}}}],"defaultBranch":{"response":{"messageGroupsList":[{"message":{"ssmlMessage":null,"customPayload":null,"plainTextMessage":{"value":"no intent match"},"imageResponseCard":null},"variations":null}],"allowInterrupt":true},"nextStep":{"sessionAttributes":null,"intent":{"name":null,"slots":null},"dialogAction":{"type":"EndConversation","slotToElicit":null,"suppressNextMessage":null,"intentsInScope":null}}}},"timeoutResponse":null,"timeoutNextStep":{"sessionAttributes":null,"intent":{"name":null,"slots":null},"dialogAction":{"type":"EndConversation","slotToElicit":null,"suppressNextMessage":null,"intentsInScope":null}}},"fulfillmentUpdatesSpecification":null,"enabled":true},"slotPriorities":[{"priority":2,"slotName":"SSN"},{"priority":3,"slotName":"DOB"},{"priority":1,"slotName":"CardNumber"}]}