{"name":"amount","identifier":"1RCZCBWV5N","description":null,"slotTypeName":"AMAZON.Currency","obfuscationSetting":null,"valueElicitationSetting":{"slotCaptureSetting":{"codeHook":{"isActive":false,"invocationLabel":null,"postCodeHookSpecification":{"failureResponse":null,"failureNextStep":{"sessionAttributes":null,"intent":{"name":null,"slots":null},"dialogAction":{"type":"EndConversation","slotToElicit":null,"suppressNextMessage":null,"intentsInScope":null}},"failureConditional":null,"successResponse":null,"successNextStep":{"sessionAttributes":null,"intent":{"name":null,"slots":null},"dialogAction":{"type":"ElicitSlot","slotToElicit":"account","suppressNextMessage":null,"intentsInScope":null}},"successConditional":null,"timeoutResponse":null,"timeoutNextStep":{"sessionAttributes":null,"intent":{"name":null,"slots":null},"dialogAction":{"type":"EndConversation","slotToElicit":null,"suppressNextMessage":null,"intentsInScope":null}},"timeoutConditional":null},"enableCodeHookInvocation":false},"captureResponse":null,"captureNextStep":{"sessionAttributes":null,"intent":{"name":null,"slots":null},"dialogAction":{"type":"ElicitSlot","slotToElicit":"account","suppressNextMessage":null,"intentsInScope":null}},"captureConditional":null,"failureResponse":null,"failureNextStep":{"sessionAttributes":null,"intent":{"name":"FallbackIntent","slots":null},"dialogAction":{"type":"StartIntent","slotToElicit":null,"suppressNextMessage":null,"intentsInScope":null}},"failureConditional":null,"elicitationCodeHook":{"invocationLabel":null,"enableCodeHookInvocation":true}},"slotConstraint":"Required","promptSpecification":{"messageGroupsList":[{"message":{"ssmlMessage":null,"customPayload":null,"plainTextMessage":{"value":"What amount would you like to pay?"},"imageResponseCard":null},"variations":null}],"maxRetries":4,"allowInterrupt":true,"messageSelectionStrategy":"Random","promptAttemptsSpecification":{"Retry3":{"textInputSpecification":{"startTimeoutMs":30000},"allowedInputTypes":{"allowAudioInput":true,"allowDTMFInput":true},"audioAndDTMFInputSpecification":{"startTimeoutMs":4000,"audioSpecification":{"endTimeoutMs":640,"maxLengthMs":15000},"dtmfSpecification":{"maxLength":513,"endTimeoutMs":5000,"deletionCharacter":"*","endCharacter":"#"}},"allowInterrupt":true},"Retry1":{"textInputSpecification":{"startTimeoutMs":30000},"allowedInputTypes":{"allowAudioInput":true,"allowDTMFInput":true},"audioAndDTMFInputSpecification":{"startTimeoutMs":4000,"audioSpecification":{"endTimeoutMs":640,"maxLengthMs":15000},"dtmfSpecification":{"maxLength":513,"endTimeoutMs":5000,"deletionCharacter":"*","endCharacter":"#"}},"allowInterrupt":true},"Retry4":{"textInputSpecification":{"startTimeoutMs":30000},"allowedInputTypes":{"allowAudioInput":true,"allowDTMFInput":true},"audioAndDTMFInputSpecification":{"startTimeoutMs":4000,"audioSpecification":{"endTimeoutMs":640,"maxLengthMs":15000},"dtmfSpecification":{"maxLength":513,"endTimeoutMs":5000,"deletionCharacter":"*","endCharacter":"#"}},"allowInterrupt":true},"Initial":{"textInputSpecification":{"startTimeoutMs":30000},"allowedInputTypes":{"allowAudioInput":true,"allowDTMFInput":true},"audioAndDTMFInputSpecification":{"startTimeoutMs":4000,"audioSpecification":{"endTimeoutMs":640,"maxLengthMs":15000},"dtmfSpecification":{"maxLength":513,"endTimeoutMs":5000,"deletionCharacter":"*","endCharacter":"#"}},"allowInterrupt":true},"Retry2":{"textInputSpecification":{"startTimeoutMs":30000},"allowedInputTypes":{"allowAudioInput":true,"allowDTMFInput":true},"audioAndDTMFInputSpecification":{"startTimeoutMs":4000,"audioSpecification":{"endTimeoutMs":640,"maxLengthMs":15000},"dtmfSpecification":{"maxLength":513,"endTimeoutMs":5000,"deletionCharacter":"*","endCharacter":"#"}},"allowInterrupt":true}}},"defaultValueSpecification":null,"sampleUtterances":null,"waitAndContinueSpecification":null},"multipleValuesSetting":null}