{"name":"Verify","identifier":"XPZUB8YKR5","description":null,"parentIntentSignature":null,"sampleUtterances":null,"intentConfirmationSetting":null,"intentClosingSetting":{"isActive":true,"nextStep":{"sessionAttributes":{"verified":"TRUE"},"intent":{"name":"MakePayment","slots":null},"dialogAction":{"type":"ElicitSlot","slotToElicit":"amount","suppressNextMessage":null,"intentsInScope":null}},"closingResponse":{"messageGroupsList":[{"message":{"ssmlMessage":null,"customPayload":null,"plainTextMessage":{"value":"Verify Closing"},"imageResponseCard":null},"variations":null}],"allowInterrupt":true}},"initialResponseSetting":{"conditional":null,"codeHook":{"isActive":true,"invocationLabel":null,"postCodeHookSpecification":{"failureResponse":null,"failureNextStep":{"sessionAttributes":null,"intent":{"name":null,"slots":null},"dialogAction":{"type":"EndConversation","slotToElicit":null,"suppressNextMessage":null,"intentsInScope":null}},"failureConditional":null,"successResponse":null,"successNextStep":{"sessionAttributes":null,"intent":{"name":null,"slots":null},"dialogAction":{"type":"ElicitSlot","slotToElicit":"CardNumber","suppressNextMessage":null,"intentsInScope":null}},"successConditional":null,"timeoutResponse":null,"timeoutNextStep":{"sessionAttributes":null,"intent":{"name":null,"slots":null},"dialogAction":{"type":"EndConversation","slotToElicit":null,"suppressNextMessage":null,"intentsInScope":null}},"timeoutConditional":null},"enableCodeHookInvocation":true},"nextStep":{"sessionAttributes":null,"intent":{"name":null,"slots":null},"dialogAction":{"type":"InvokeDialogCodeHook","slotToElicit":null,"suppressNextMessage":null,"intentsInScope":null}},"initialResponse":null},"inputContexts":null,"outputContexts":null,"kendraConfiguration":null,"qnAIntentConfiguration":null,"bedrockAgentIntentConfiguration":null,"qInConnectIntentConfiguration":null,"dialogCodeHook":{"enabled":false},"fulfillmentCodeHook":null,"slotPriorities":[{"priority":2,"slotName":"SSN"},{"priority":3,"slotName":"DOB"},{"priority":1,"slotName":"CardNumber"}]}