{"name":"FallbackIntent","identifier":"FALLBCKINT","description":"Default intent when no other intent matches","parentIntentSignature":"AMAZON.FallbackIntent","sampleUtterances":null,"intentConfirmationSetting":null,"intentClosingSetting":null,"initialResponseSetting":{"conditional":null,"codeHook":{"isActive":false,"enableCodeHookInvocation":true,"invocationLabel":null,"postCodeHookSpecification":{"failureResponse":null,"failureNextStep":{"sessionAttributes":null,"intent":null,"dialogAction":{"type":"EndConversation","slotToElicit":null,"suppressNextMessage":null,"intentsInScope":null}},"failureConditional":null,"successResponse":null,"successNextStep":{"sessionAttributes":null,"intent":null,"dialogAction":{"type":"EndConversation","slotToElicit":null,"suppressNextMessage":null,"intentsInScope":null}},"successConditional":null,"timeoutResponse":null,"timeoutNextStep":{"sessionAttributes":null,"intent":null,"dialogAction":{"type":"EndConversation","slotToElicit":null,"suppressNextMessage":null,"intentsInScope":null}},"timeoutConditional":null}},"nextStep":{"sessionAttributes":null,"intent":{"name":null,"slots":null},"dialogAction":{"type":"ElicitIntent","slotToElicit":null,"suppressNextMessage":null,"intentsInScope":null}},"initialResponse":{"messageGroupsList":[{"message":{"ssmlMessage":null,"customPayload":null,"plainTextMessage":{"value":"Sorry, I didn't get that. How can I help you today?"},"imageResponseCard":null},"variations":null}],"allowInterrupt":true}},"inputContexts":null,"outputContexts":null,"kendraConfiguration":null,"qnAIntentConfiguration":null,"bedrockAgentIntentConfiguration":null,"qInConnectIntentConfiguration":null,"dialogCodeHook":null,"fulfillmentCodeHook":{"isActive":false,"postFulfillmentStatusSpecification":null,"fulfillmentUpdatesSpecification":{"active":false,"timeoutInSeconds":null,"startResponse":null,"updateResponse":null},"enabled":false},"slotPriorities":[]}