{"name":"amount","identifier":"1RCZCBWV5N","description":null,"slotTypeName":"AMAZON.Currency","obfuscationSetting":null,"valueElicitationSetting":{"slotCaptureSetting":{"codeHook":{"isActive":false,"enableCodeHookInvocation":false,"invocationLabel":null,"postCodeHookSpecification":{"failureResponse":null,"failureNextStep":{"sessionAttributes":null,"intent":{"name":null,"slots":null},"dialogAction":{"type":"EndConversation","slotToElicit":null,"suppressNextMessage":null,"intentsInScope":null}},"failureConditional":null,"successResponse":null,"successNextStep":{"sessionAttributes":null,"intent":{"name":null,"slots":null},"dialogAction":{"type":"ElicitSlot","slotToElicit":"account","suppressNextMessage":null,"intentsInScope":null}},"successConditional":null,"timeoutResponse":null,"timeoutNextStep":{"sessionAttributes":null,"intent":{"name":null,"slots":null},"dialogAction":{"type":"EndConversation","slotToElicit":null,"suppressNextMessage":null,"intentsInScope":null}},"timeoutConditional":null}},"captureResponse":null,"captureNextStep":{"sessionAttributes":null,"intent":{"name":null,"slots":null},"dialogAction":{"type":"ElicitSlot","slotToElicit":"account","suppressNextMessage":null,"intentsInScope":null}},"captureConditional":null,"failureResponse":{"messageGroupsList":[{"message":{"ssmlMessage":null,"customPayload":null,"plainTextMessage":{"value":"I'm having trouble understanding you. I’ll connect you to an agent for further assistance."},"imageResponseCard":null},"variations":null}],"allowInterrupt":true},"failureNextStep":{"sessionAttributes":null,"intent":{"name":null,"slots":null},"dialogAction":{"type":"EndConversation","slotToElicit":null,"suppressNextMessage":null,"intentsInScope":null}},"failureConditional":null,"elicitationCodeHook":{"enableCodeHookInvocation":true,"invocationLabel":null}},"slotConstraint":"Required","promptSpecification":{"messageGroupsList":[{"message":{"ssmlMessage":null,"customPayload":null,"plainTextMessage":{"value":"What amount would you like to pay?"},"imageResponseCard":null},"variations":null}],"maxRetries":4,"allowInterrupt":true,"messageSelectionStrategy":"Random","promptAttemptsSpecification":{"Initial":{"textInputSpecification":{"startTimeoutMs":30000},"allowedInputTypes":{"allowAudioInput":true,"allowDTMFInput":true},"audioAndDTMFInputSpecification":{"startTimeoutMs":4000,"audioSpecification":{"endTimeoutMs":640,"maxLengthMs":15000},"dtmfSpecification":{"maxLength":513,"endTimeoutMs":5000,"deletionCharacter":"*","endCharacter":"#"}},"allowInterrupt":true},"Retry2":{"textInputSpecification":{"startTimeoutMs":30000},"allowedInputTypes":{"allowAudioInput":true,"allowDTMFInput":true},"audioAndDTMFInputSpecification":{"startTimeoutMs":4000,"audioSpecification":{"endTimeoutMs":640,"maxLengthMs":15000},"dtmfSpecification":{"maxLength":513,"endTimeoutMs":5000,"deletionCharacter":"*","endCharacter":"#"}},"allowInterrupt":true},"Retry1":{"textInputSpecification":{"startTimeoutMs":30000},"allowedInputTypes":{"allowAudioInput":true,"allowDTMFInput":true},"audioAndDTMFInputSpecification":{"startTimeoutMs":4000,"audioSpecification":{"endTimeoutMs":640,"maxLengthMs":15000},"dtmfSpecification":{"maxLength":513,"endTimeoutMs":5000,"deletionCharacter":"*","endCharacter":"#"}},"allowInterrupt":true},"Retry4":{"textInputSpecification":{"startTimeoutMs":30000},"allowedInputTypes":{"allowAudioInput":true,"allowDTMFInput":true},"audioAndDTMFInputSpecification":{"startTimeoutMs":4000,"audioSpecification":{"endTimeoutMs":640,"maxLengthMs":15000},"dtmfSpecification":{"maxLength":513,"endTimeoutMs":5000,"deletionCharacter":"*","endCharacter":"#"}},"allowInterrupt":true},"Retry3":{"textInputSpecification":{"startTimeoutMs":30000},"allowedInputTypes":{"allowAudioInput":true,"allowDTMFInput":true},"audioAndDTMFInputSpecification":{"startTimeoutMs":4000,"audioSpecification":{"endTimeoutMs":640,"maxLengthMs":15000},"dtmfSpecification":{"maxLength":513,"endTimeoutMs":5000,"deletionCharacter":"*","endCharacter":"#"}},"allowInterrupt":true}}},"defaultValueSpecification":null,"sampleUtterances":null,"waitAndContinueSpecification":null},"multipleValuesSetting":null}