{"name":"DOB","identifier":"LFUCA7AVGC","description":null,"slotTypeName":"AMAZON.Date","obfuscationSetting":null,"valueElicitationSetting":{"slotCaptureSetting":{"codeHook":null,"captureResponse":null,"captureNextStep":{"sessionAttributes":{"verified":"TRUE"},"intent":{"name":null,"slots":null},"dialogAction":{"type":"EvaluateConditional","slotToElicit":null,"suppressNextMessage":null,"intentsInScope":null}},"captureConditional":{"isActive":true,"conditionalBranches":[{"name":"Branch1","condition":{"expressionString":"[CustomerIntention] = \"MakePayment\""},"response":null,"nextStep":{"sessionAttributes":{"test":"return to payment"},"intent":{"name":"MakePayment","slots":null},"dialogAction":{"type":"StartIntent","slotToElicit":null,"suppressNextMessage":false,"intentsInScope":null}}}],"defaultBranch":{"response":null,"nextStep":{"sessionAttributes":null,"intent":{"name":null,"slots":null},"dialogAction":{"type":"CloseIntent","slotToElicit":null,"suppressNextMessage":null,"intentsInScope":null}}}},"failureResponse":null,"failureNextStep":{"sessionAttributes":null,"intent":{"name":"FallbackIntent","slots":null},"dialogAction":{"type":"StartIntent","slotToElicit":null,"suppressNextMessage":null,"intentsInScope":null}},"failureConditional":null,"elicitationCodeHook":{"invocationLabel":null,"enableCodeHookInvocation":true}},"slotConstraint":"Required","promptSpecification":{"messageGroupsList":[{"message":{"ssmlMessage":null,"customPayload":null,"plainTextMessage":{"value":"What is your date of birth?"},"imageResponseCard":null},"variations":null}],"maxRetries":4,"allowInterrupt":true,"messageSelectionStrategy":"Random","promptAttemptsSpecification":{"Retry3":{"textInputSpecification":{"startTimeoutMs":30000},"allowedInputTypes":{"allowAudioInput":true,"allowDTMFInput":true},"audioAndDTMFInputSpecification":{"startTimeoutMs":4000,"audioSpecification":{"endTimeoutMs":640,"maxLengthMs":15000},"dtmfSpecification":{"maxLength":513,"endTimeoutMs":5000,"deletionCharacter":"*","endCharacter":"#"}},"allowInterrupt":true},"Retry1":{"textInputSpecification":{"startTimeoutMs":30000},"allowedInputTypes":{"allowAudioInput":true,"allowDTMFInput":true},"audioAndDTMFInputSpecification":{"startTimeoutMs":4000,"audioSpecification":{"endTimeoutMs":640,"maxLengthMs":15000},"dtmfSpecification":{"maxLength":513,"endTimeoutMs":5000,"deletionCharacter":"*","endCharacter":"#"}},"allowInterrupt":true},"Retry4":{"textInputSpecification":{"startTimeoutMs":30000},"allowedInputTypes":{"allowAudioInput":true,"allowDTMFInput":true},"audioAndDTMFInputSpecification":{"startTimeoutMs":4000,"audioSpecification":{"endTimeoutMs":640,"maxLengthMs":15000},"dtmfSpecification":{"maxLength":513,"endTimeoutMs":5000,"deletionCharacter":"*","endCharacter":"#"}},"allowInterrupt":true},"Initial":{"textInputSpecification":{"startTimeoutMs":30000},"allowedInputTypes":{"allowAudioInput":true,"allowDTMFInput":true},"audioAndDTMFInputSpecification":{"startTimeoutMs":4000,"audioSpecification":{"endTimeoutMs":640,"maxLengthMs":15000},"dtmfSpecification":{"maxLength":513,"endTimeoutMs":5000,"deletionCharacter":"*","endCharacter":"#"}},"allowInterrupt":true},"Retry2":{"textInputSpecification":{"startTimeoutMs":30000},"allowedInputTypes":{"allowAudioInput":true,"allowDTMFInput":true},"audioAndDTMFInputSpecification":{"startTimeoutMs":4000,"audioSpecification":{"endTimeoutMs":640,"maxLengthMs":15000},"dtmfSpecification":{"maxLength":513,"endTimeoutMs":5000,"deletionCharacter":"*","endCharacter":"#"}},"allowInterrupt":true}}},"defaultValueSpecification":null,"sampleUtterances":null,"waitAndContinueSpecification":null},"multipleValuesSetting":null}