{"name":"MakePayment","identifier":"TVA90PB8DS","description":null,"parentIntentSignature":null,"sampleUtterances":[{"utterance":"I want to make a payment"},{"utterance":"I need to make a payment"},{"utterance":"pay a bill"},{"utterance":"pay my bill"},{"utterance":"I want to pay {amount} to {account}"},{"utterance":"I need to pay off the balance in {account}"},{"utterance":"Can I pay {amount} today?"},{"utterance":"I want to pay {account} {amount}"},{"utterance":"Pay {account} {amount}"},{"utterance":"I want to pay {amount}"},{"utterance":"Pay {amount}"},{"utterance":"Pay {account}"},{"utterance":"Can you help me make a payment?"},{"utterance":"I need to pay something"},{"utterance":"pay off my {account} card"}],"intentConfirmationSetting":{"isActive":true,"codeHook":{"isActive":true,"enableCodeHookInvocation":true,"invocationLabel":null,"postCodeHookSpecification":{"failureResponse":null,"failureNextStep":{"sessionAttributes":null,"intent":{"name":null,"slots":null},"dialogAction":{"type":"EndConversation","slotToElicit":null,"suppressNextMessage":null,"intentsInScope":null}},"failureConditional":null,"successResponse":null,"successNextStep":{"sessionAttributes":null,"intent":{"name":null,"slots":null},"dialogAction":{"type":"FulfillIntent","slotToElicit":null,"suppressNextMessage":null,"intentsInScope":null}},"successConditional":null,"timeoutResponse":null,"timeoutNextStep":{"sessionAttributes":null,"intent":{"name":null,"slots":null},"dialogAction":{"type":"EndConversation","slotToElicit":null,"suppressNextMessage":null,"intentsInScope":null}},"timeoutConditional":null}},"promptSpecification":{"messageGroupsList":[{"message":{"ssmlMessage":null,"customPayload":null,"plainTextMessage":{"value":"You are making a payment of {amount} to your {account} card, is this correct?"},"imageResponseCard":null},"variations":null}],"maxRetries":4,"allowInterrupt":true,"messageSelectionStrategy":"Random","promptAttemptsSpecification":{"Retry4":{"textInputSpecification":{"startTimeoutMs":30000},"allowedInputTypes":{"allowAudioInput":true,"allowDTMFInput":true},"audioAndDTMFInputSpecification":{"startTimeoutMs":4000,"audioSpecification":{"endTimeoutMs":640,"maxLengthMs":15000},"dtmfSpecification":{"maxLength":513,"endTimeoutMs":5000,"deletionCharacter":"*","endCharacter":"#"}},"allowInterrupt":true},"Initial":{"textInputSpecification":{"startTimeoutMs":30000},"allowedInputTypes":{"allowAudioInput":true,"allowDTMFInput":true},"audioAndDTMFInputSpecification":{"startTimeoutMs":4000,"audioSpecification":{"endTimeoutMs":640,"maxLengthMs":15000},"dtmfSpecification":{"maxLength":513,"endTimeoutMs":5000,"deletionCharacter":"*","endCharacter":"#"}},"allowInterrupt":true},"Retry1":{"textInputSpecification":{"startTimeoutMs":30000},"allowedInputTypes":{"allowAudioInput":true,"allowDTMFInput":true},"audioAndDTMFInputSpecification":{"startTimeoutMs":4000,"audioSpecification":{"endTimeoutMs":640,"maxLengthMs":15000},"dtmfSpecification":{"maxLength":513,"endTimeoutMs":5000,"deletionCharacter":"*","endCharacter":"#"}},"allowInterrupt":true},"Retry3":{"textInputSpecification":{"startTimeoutMs":30000},"allowedInputTypes":{"allowAudioInput":true,"allowDTMFInput":true},"audioAndDTMFInputSpecification":{"startTimeoutMs":4000,"audioSpecification":{"endTimeoutMs":640,"maxLengthMs":15000},"dtmfSpecification":{"maxLength":513,"endTimeoutMs":5000,"deletionCharacter":"*","endCharacter":"#"}},"allowInterrupt":true},"Retry2":{"textInputSpecification":{"startTimeoutMs":30000},"allowedInputTypes":{"allowAudioInput":true,"allowDTMFInput":true},"audioAndDTMFInputSpecification":{"startTimeoutMs":4000,"audioSpecification":{"endTimeoutMs":640,"maxLengthMs":15000},"dtmfSpecification":{"maxLength":513,"endTimeoutMs":5000,"deletionCharacter":"*","endCharacter":"#"}},"allowInterrupt":true}}},"declinationResponse":{"messageGroupsList":[{"message":{"ssmlMessage":null,"customPayload":null,"plainTextMessage":{"value":"Okay, I’ve cancelled that request. What would you like to do today?"},"imageResponseCard":null},"variations":null}],"allowInterrupt":true},"failureNextStep":{"sessionAttributes":null,"intent":{"name":"FallbackIntent","slots":null},"dialogAction":{"type":"StartIntent","slotToElicit":null,"suppressNextMessage":null,"intentsInScope":null}},"elicitationCodeHook":{"enableCodeHookInvocation":true,"invocationLabel":null},"confirmationNextStep":{"sessionAttributes":null,"intent":{"name":null,"slots":null},"dialogAction":{"type":"FulfillIntent","slotToElicit":null,"suppressNextMessage":null,"intentsInScope":null}},"declinationNextStep":{"sessionAttributes":null,"intent":{"name":null,"slots":null},"dialogAction":{"type":"ElicitIntent","slotToElicit":null,"suppressNextMessage":null,"intentsInScope":null}}},"intentClosingSetting":null,"initialResponseSetting":{"conditional":{"isActive":true,"conditionalBranches":[{"name":"Branch1","condition":{"expressionString":"[verified] = \"TRUE\""},"response":null,"nextStep":{"sessionAttributes":{},"intent":{"name":null,"slots":null},"dialogAction":{"type":"InvokeDialogCodeHook","slotToElicit":null,"suppressNextMessage":null,"intentsInScope":null}}}],"defaultBranch":{"response":{"messageGroupsList":[{"message":{"ssmlMessage":null,"customPayload":null,"plainTextMessage":{"value":"Okay, I can help you with that. First, let's get you verified."},"imageResponseCard":null},"variations":null}],"allowInterrupt":true},"nextStep":{"sessionAttributes":{"savedAccount":"{account}","CustomerIntention":"MakePayment","savedAmount":"{amount}"},"intent":{"name":"Verify","slots":null},"dialogAction":{"type":"StartIntent","slotToElicit":null,"suppressNextMessage":true,"intentsInScope":null}}}},"codeHook":{"isActive":true,"enableCodeHookInvocation":true,"invocationLabel":null,"postCodeHookSpecification":{"failureResponse":null,"failureNextStep":{"sessionAttributes":null,"intent":{"name":null,"slots":null},"dialogAction":{"type":"EndConversation","slotToElicit":null,"suppressNextMessage":null,"intentsInScope":null}},"failureConditional":null,"successResponse":null,"successNextStep":{"sessionAttributes":null,"intent":{"name":null,"slots":null},"dialogAction":{"type":"ElicitSlot","slotToElicit":"amount","suppressNextMessage":null,"intentsInScope":null}},"successConditional":null,"timeoutResponse":null,"timeoutNextStep":{"sessionAttributes":null,"intent":{"name":null,"slots":null},"dialogAction":{"type":"EndConversation","slotToElicit":null,"suppressNextMessage":null,"intentsInScope":null}},"timeoutConditional":null}},"nextStep":{"sessionAttributes":{},"intent":{"name":null,"slots":null},"dialogAction":{"type":"EvaluateConditional","slotToElicit":null,"suppressNextMessage":null,"intentsInScope":null}},"initialResponse":null},"inputContexts":null,"outputContexts":null,"kendraConfiguration":null,"qnAIntentConfiguration":null,"bedrockAgentIntentConfiguration":null,"qInConnectIntentConfiguration":null,"dialogCodeHook":{"enabled":true},"fulfillmentCodeHook":{"isActive":true,"postFulfillmentStatusSpecification":{"failureResponse":null,"failureNextStep":{"sessionAttributes":null,"intent":{"name":null,"slots":null},"dialogAction":{"type":"EndConversation","slotToElicit":null,"suppressNextMessage":null,"intentsInScope":null}},"successResponse":{"messageGroupsList":[{"message":{"ssmlMessage":null,"customPayload":null,"plainTextMessage":{"value":"Payment complete. Is there anything else you would like to do today?"},"imageResponseCard":null},"variations":null}],"allowInterrupt":true},"successNextStep":{"sessionAttributes":null,"intent":{"name":null,"slots":null},"dialogAction":{"type":"ElicitIntent","slotToElicit":null,"suppressNextMessage":null,"intentsInScope":null}},"timeoutResponse":null,"timeoutNextStep":{"sessionAttributes":null,"intent":{"name":null,"slots":null},"dialogAction":{"type":"EndConversation","slotToElicit":null,"suppressNextMessage":null,"intentsInScope":null}}},"fulfillmentUpdatesSpecification":null,"enabled":true},"slotPriorities":[{"priority":1,"slotName":"amount"},{"priority":2,"slotName":"account"}]}